UsingModule;Table;C;R;U;D;HostingModule;Service Description 
CORE;AADVO;;;;;Account_Management;
CORE;AAFRO;;;;;Account_Management;
CORE;AAISO;;;;;General_Ledger;
CORE;AASPL;;;;;General_Ledger;
General_Ledger;AASPS;;;;;CORE;[T] Store booking parameters
Account_Management;AASPS;;;;;CORE;[T] Store booking parameters
Lending;AASPS;;;;;CORE;[T] Store booking parameters
Financial_Markets;AASPS;;;;;CORE;[T] Store booking parameters
Cash_Management;AASPS;;;;;CORE;[T] Store booking parameters
auxiliary;AASPS;;;;;CORE;
CORE;ABA1L;;;;;General_Ledger;
Account_Management;ABA1S;;;;;General_Ledger;[T] Get Account Creation Parameters
Lending;ABA1S;;;;;General_Ledger;Get  Account Creation Parameters
Financial_Markets;ABA1S;;;;;General_Ledger;[T] Get Account Creation Parameters
Cash_Management;ABA1S;;;;;General_Ledger;[T] Get Account Creation Parameters
CORE;ABA1S;;;;;General_Ledger;
auxiliary;ABA1S;;;;;General_Ledger;
General_Ledger;ABASS;;;;;auxiliary;
Account_Management;ABASS;;;;;auxiliary;
CORE;ABCLL;;;;;Financial_Markets;
CORE;ABCLO;;;;;Financial_Markets;
auxiliary;ABCLO;;;;;Financial_Markets;
General_Ledger;ABKTL;;;;;General_Ledger;[T] NO SERVICE REQUIRED
CORE;ABKTL;;;;;General_Ledger;
Account_Management;ABKTS;;;;;General_Ledger;[T] Set Booking rules / [T] Get Booking definitions
Financial_Markets;ABKTS;;;;;General_Ledger;[T] Set Booking rules / [T] Get Booking definitions
Cash_Management;ABKTS;;;;;General_Ledger;[T] Set Booking rules / [T] Get Booking definitions
CORE;ABKTS;;;;;General_Ledger;
auxiliary;ABKTS;;;;;General_Ledger;
General_Ledger;ABUDL;;;;;General_Ledger;[T] NO SERVICE REQUIRED
Account_Management;ACVRO;;;;;auxiliary;
Lending;ACVRO;;;;;auxiliary;
Financial_Markets;ACVRO;;;;;auxiliary;
Cash_Management;ACVRO;;;;;auxiliary;
CORE;ACVRO;;;;;auxiliary;
CORE;ADEIO;;;;;Account_Management;
auxiliary;ADEIO;;;;;Account_Management;
Account_Management;ADETL;;;;;Account_Management;[T] NO SERVICE REQUIRED
Financial_Markets;ADETL;;;;;Account_Management;[T] See ADETS
CORE;ADETL;;;;;Account_Management;
General_Ledger;ADETS;;;;;Account_Management;[T] Get Customer Account
Lending;ADETS;;;;;Account_Management;Get Customer Account 
Financial_Markets;ADETS;;;;;Account_Management;[T] Get Customer Account
Cash_Management;ADETS;;;;;Account_Management;[T] Get Customer Account
CORE;ADETS;;;;;Account_Management;
auxiliary;ADETS;;;;;Account_Management;
Account_Management;ADLGL;;;;;General_Ledger;[T] See ADLGS
Account_Management;ADLGS;;;;;General_Ledger;[T] Get Ledger Account Info
Lending;ADLGS;;;;;General_Ledger;Get Ledger Account Info
Financial_Markets;ADLGS;;;;;General_Ledger;[T] Get Ledger Account Info
CORE;ADLGS;;;;;General_Ledger;
auxiliary;ADLGS;;;;;General_Ledger;
auxiliary;ADSNS;;;;;General_Ledger;
Cash_Management;AEVTO;;;;;Account_Management;[T] Store Transactions / [T] Get Transactions
CORE;AEVTO;;;;;Account_Management;
auxiliary;AEVTO;;;;;Account_Management;
CORE;AEXRL;;;;;CORE;
General_Ledger;AEXRS;;;;;CORE;[T] Get Exchange Rates
Account_Management;AEXRS;;;;;CORE;[T] Get Exchange Rates
Lending;AEXRS;;;;;CORE;[T] Get Exchange Rates
Financial_Markets;AEXRS;;;;;CORE;[T] Get Exchange Rates
auxiliary;AEXRS;;;;;CORE;
Account_Management;AFOLO;;;;;General_Ledger;[T] Get/Remove booking
Financial_Markets;AFOLO;;;;;General_Ledger;[T] Get/Remove booking
Cash_Management;AFOLO;;;;;General_Ledger;[T] Get/Remove booking
CORE;AFOLO;;;;;General_Ledger;
auxiliary;AFOLO;;;;;General_Ledger;
General_Ledger;AGEXL;;;;;General_Ledger;[T] See AGEXS
Account_Management;AGEXS;;;;;General_Ledger;[T] Get General Expence Accounting Info
CORE;AGEXS;;;;;General_Ledger;
auxiliary;AGEXS;;;;;General_Ledger;
Lending;AHLBO;;;;;Account_Management;Get Account Balance (Ledger??)
Financial_Markets;AHLBO;;;;;Account_Management;[T] Get Account Balance (Ledger??)
Cash_Management;AHLBO;;;;;Account_Management;[T] Get Balance Info
CORE;AHLBO;;;;;Account_Management;
auxiliary;AHLBO;;;;;Account_Management;
Lending;AHVBO;;;;;Account_Management;Get Account Balance (Customer??)
Cash_Management;AHVBO;;;;;Account_Management;[T] Get Balance Info
CORE;AHVBO;;;;;Account_Management;
auxiliary;AHVBO;;;;;Account_Management;
Account_Management;AIBRO;;;;;auxiliary;
Financial_Markets;AIBRO;;;;;auxiliary;
CORE;AIBRO;;;;;auxiliary;
Account_Management;AINIO;;;;;auxiliary;
CORE;AINIO;;;;;auxiliary;
Account_Management;AINTL;;;;;CORE;[T] See AINTS
General_Ledger;AINTS;;;;;CORE;[T] Store/Get Interest Conditions
Account_Management;AINTS;;;;;CORE;[T] Store/Get Interest Conditions
Lending;AINTS;;;;;CORE;[T] Store/Get Interest Conditions
Financial_Markets;AINTS;;;;;CORE;[T] Store/Get Interest Conditions
Cash_Management;AINTS;;;;;CORE;[T] Store/Get Interest Conditions
auxiliary;AINTS;;;;;CORE;
auxiliary;AISTO;;;;;Account_Management;
Account_Management;AJSTL;;;;;General_Ledger;[T] See AJSTO
Account_Management;AJSTO;;;;;General_Ledger;[T] Store Account Info
Financial_Markets;AJSTO;;;;;General_Ledger;[T] Store Transactions Info
CORE;AJSTO;;;;;General_Ledger;
auxiliary;AJSTO;;;;;General_Ledger;
General_Ledger;ALGRL;;;;;General_Ledger;[T] See ALGRS
Account_Management;ALGRS;;;;;General_Ledger;[T] Get Ledger Definition
Financial_Markets;ALGRS;;;;;General_Ledger;[T] Get Ledger Definition
CORE;ALGRS;;;;;General_Ledger;
auxiliary;ALGRS;;;;;General_Ledger;
Account_Management;AMDCO;;;;;General_Ledger;
Cash_Management;AMDCO;;;;;General_Ledger;
CORE;AMDCO;;;;;General_Ledger;
auxiliary;AMDCO;;;;;General_Ledger;
General_Ledger;AMVTO;;;;;Account_Management;[T] Get Accounting Movements
Lending;AMVTO;;;;;Account_Management;Create Accounting Entry??? GET!
Financial_Markets;AMVTO;;;;;Account_Management;[T] Get Accounting Movements
Cash_Management;AMVTO;;;;;Account_Management;[T] Get Accounting Movements
CORE;AMVTO;;;;;Account_Management;
auxiliary;AMVTO;;;;;Account_Management;
Account_Management;ANEUL;;;;;General_Ledger;[T] See ANEUO
Account_Management;ANEUO;;;;;General_Ledger;[T] Get Neutralised Accounts
CORE;ANEUO;;;;;General_Ledger;
General_Ledger;ANTUS;;;;;Account_Management;[T] Get Nature Code
Financial_Markets;ANTUS;;;;;Account_Management;[T] Get Nature Code
CORE;ANTUS;;;;;Account_Management;
auxiliary;ANTUS;;;;;Account_Management;
CORE;APPNL;;;;;CORE;
Account_Management;APPNO;;;;;CORE;[T] Get Product Per Nature Code
Lending;APPNO;;;;;CORE;[T] Get Product Per Nature Code
Financial_Markets;APPNO;;;;;CORE;[T] Get Product Per Nature Code
auxiliary;APPNO;;;;;CORE;
Account_Management;ARBRO;;;;;General_Ledger;[T] Get Account Balance (Ledger??)
Financial_Markets;ARBRO;;;;;General_Ledger;[T] Get Account Balance (Ledger??)
CORE;ARBRO;;;;;General_Ledger;
auxiliary;ARBRO;;;;;General_Ledger;
General_Ledger;ARCDL;;;;;General_Ledger;[T] NO SERVICE REQUIRED
Account_Management;AREIO;;;;;auxiliary;
CORE;AREIO;;;;;auxiliary;
Account_Management;ARESL;;;;;Account_Management;[T] NO SERVICE REQUIRED
Lending;ARESS;;;;;Account_Management;[T] Intermediate storage of calculation results??
Financial_Markets;ARESS;;;;;Account_Management;[T] Intermediate storage of calculation results??
Cash_Management;ARESS;;;;;Account_Management;[T] Intermediate storage of calculation results??
CORE;ARESS;;;;;Account_Management;
auxiliary;ARESS;;;;;Account_Management;
Account_Management;ARETL;;;;;Account_Management;[T] NO SERVICE REQUIRED
Lending;ARETO;;;;;Account_Management;[T] Get/Store Agreement info ( Interest Schedule)
Financial_Markets;ARETO;;;;;Account_Management;[T] Get/Store Agreement info ( Interest Schedule)
Cash_Management;ARETO;;;;;Account_Management;[T] Get/Store Agreement info ( Interest Schedule)
CORE;ARETO;;;;;Account_Management;
auxiliary;ARETO;;;;;Account_Management;
Account_Management;AROTO;;;;;General_Ledger;[T] Get P&L Balance Info
Financial_Markets;AROTO;;;;;General_Ledger;[T] Get P&L Balance Info
Cash_Management;AROTO;;;;;General_Ledger;[T] Get P&L Balance Info
CORE;AROTO;;;;;General_Ledger;
auxiliary;AROTO;;;;;General_Ledger;
Account_Management;ARPPO;;;;;auxiliary;
Financial_Markets;ARPPO;;;;;auxiliary;
CORE;ARPPO;;;;;auxiliary;
General_Ledger;ASELO;;;;;auxiliary;
CORE;ASELO;;;;;auxiliary;
Account_Management;ASPAL;;;;;Account_Management;[T] See ASPAS
Cash_Management;ASPAS;;;;;Account_Management;[T] Get Address (Why write??)
CORE;ASPAS;;;;;Account_Management;
auxiliary;ASPAS;;;;;Account_Management;
Account_Management;ASPIO;;;;;auxiliary;
CORE;ASTDO;;;;;General_Ledger;
Account_Management;ASTMO;;;;;CORE;[T] Get Statements
Cash_Management;ASTMO;;;;;CORE;[T] Get Statements
Account_Management;ASTMS;;;;;auxiliary;
Lending;ASTMS;;;;;auxiliary;
CORE;ASTMS;;;;;auxiliary;
Account_Management;ATADO;;;;;auxiliary;
Account_Management;ATAHS;;;;;auxiliary;
Financial_Markets;ATAHS;;;;;auxiliary;
CORE;ATAHS;;;;;auxiliary;
Account_Management;ATAXL;;;;;Account_Management;[T] NO SERVICE REQUIRED
auxiliary;ATAXO;;;;;Account_Management;
Account_Management;ATDCS;;;;;CORE;[T] Get (List) of Free Texts
auxiliary;ATDCS;;;;;CORE;
CORE;ATMPO;;;;;Account_Management;
auxiliary;ATMPO;;;;;Account_Management;
General_Ledger;ATRCL;;;;;General_Ledger;[T] NO SERVICE REQUIRED
Account_Management;ATRCS;;;;;General_Ledger;[T] Get Accounting Events
CORE;ATRCS;;;;;General_Ledger;
auxiliary;ATRCS;;;;;General_Ledger;
General_Ledger;ATRDO;;;;;Account_Management;
Lending;ATRDO;;;;;Account_Management;Create Accounting Event
Financial_Markets;ATRDO;;;;;Account_Management;[T] Create Accounting Event
Cash_Management;ATRDO;;;;;Account_Management;[T] Create Accounting Event
CORE;ATRDO;;;;;Account_Management;
auxiliary;ATRDO;;;;;Account_Management;
General_Ledger;ATRTL;;;;;General_Ledger;[T] NO SERVICE REQUIRED
Account_Management;ATRTS;;;;;General_Ledger;
Lending;ATRTS;;;;;General_Ledger;Maintain Accounting Rules
Financial_Markets;ATRTS;;;;;General_Ledger;
CORE;ATRTS;;;;;General_Ledger;
auxiliary;ATRTS;;;;;General_Ledger;
CORE;ATXCL;;;;;Account_Management;
Cash_Management;ATXCO;;;;;Account_Management;
CORE;ATXCO;;;;;Account_Management;
Account_Management;BATCH;;;;;auxiliary;
Financial_Markets;BATCH;;;;;auxiliary;
Cash_Management;BATCH;;;;;auxiliary;
CORE;BATCH;;;;;auxiliary;
Lending;BBOKS;;;;;Financial_Markets;Read only for collateral ?
CORE;BBOKS;;;;;Financial_Markets;
auxiliary;BBOKS;;;;;Financial_Markets;
auxiliary;BDLAO;;;;;Financial_Markets;
Financial_Markets;BDLGL;;;;;Financial_Markets;
Account_Management;BDLGO;;;;;Financial_Markets;
Lending;BDLGO;;;;;Financial_Markets;Read only for collateral ?
CORE;BDLGO;;;;;Financial_Markets;
auxiliary;BDLGO;;;;;Financial_Markets;
CORE;BDLPO;;;;;Financial_Markets;
auxiliary;BDLPO;;;;;Financial_Markets;
Account_Management;BDLTO;;;;;Financial_Markets;
Lending;BDLTO;;;;;Financial_Markets;
CORE;BDLTO;;;;;Financial_Markets;
auxiliary;BDLTO;;;;;Financial_Markets;
Account_Management;BICTO;;;;;Financial_Markets;
CORE;BICTO;;;;;Financial_Markets;
auxiliary;BICTO;;;;;Financial_Markets;
CORE;BISPO;;;;;Financial_Markets;
auxiliary;BISPO;;;;;Financial_Markets;
Account_Management;BISSO;;;;;Financial_Markets;
Lending;BISSO;;;;;Financial_Markets;
CORE;BISSO;;;;;Financial_Markets;
auxiliary;BISSO;;;;;Financial_Markets;
auxiliary;BPOTO;;;;;Financial_Markets;
CORE;BPRDO;;;;;Financial_Markets;
auxiliary;BREDO;;;;;Financial_Markets;
auxiliary;BREPO;;;;;Financial_Markets;
auxiliary;BRPIO;;;;;Financial_Markets;
auxiliary;BSPIO;;;;;Financial_Markets;
Lending;CBFMO;;;;;auxiliary;
Financial_Markets;CBFMO;;;;;auxiliary;
CORE;CBFMO;;;;;auxiliary;
Account_Management;CC3PL;;;;;Financial_Markets;
CORE;CC3PL;;;;;Financial_Markets;
auxiliary;CC3PL;;;;;Financial_Markets;
Account_Management;CC3PO;;;;;Lending;
CORE;CC3PO;;;;;Lending;
auxiliary;CC3PO;;;;;Lending;
Account_Management;CCBRO;;;;;Lending;
Financial_Markets;CCBRO;;;;;Lending;
CORE;CCBRO;;;;;Lending;
auxiliary;CCBRO;;;;;Lending;
Lending;CCDIL;;;;;auxiliary;
Lending;CCDIS;;;;;auxiliary;
CORE;CCDIS;;;;;auxiliary;
CORE;CCFPO;;;;;Lending;
auxiliary;CCFPO;;;;;Lending;
auxiliary;CCGRS;;;;;Lending;
Account_Management;CCMHL;;;;;Lending;
Financial_Markets;CCMHL;;;;;Lending;
CORE;CCMHL;;;;;Lending;
Account_Management;CCMHO;;;;;Lending;
Financial_Markets;CCMHO;;;;;Lending;
CORE;CCMHO;;;;;Lending;
auxiliary;CCMHO;;;;;Lending;
Account_Management;CCOCL;;;;;auxiliary;
CORE;CCOCL;;;;;auxiliary;
Account_Management;CCOCO;;;;;Lending;
CORE;CCOCO;;;;;Lending;
auxiliary;CCOCO;;;;;Lending;
CORE;CCOML;;;;;Lending;
Account_Management;CCOMS;;;;;Lending;
CORE;CCOMS;;;;;Lending;
auxiliary;CCOMS;;;;;Lending;
Lending;CCORL;;;;;Lending;
CORE;CCORL;;;;;Lending;
CORE;CCORO;;;;;Lending;
auxiliary;CCORO;;;;;Lending;
Account_Management;CCREO;;;;;Lending;
CORE;CCREO;;;;;Lending;
auxiliary;CCREO;;;;;Lending;
Lending;CCRXO;;;;;Financial_Markets;Get risk score 
auxiliary;CCRXO;;;;;Financial_Markets;
Account_Management;CCUSO;;;;;Financial_Markets;
CORE;CCUSO;;;;;Financial_Markets;
auxiliary;CCUSO;;;;;Financial_Markets;
CORE;CDFAO;;;;;auxiliary;
Account_Management;CDIAL;;;;;auxiliary;
Lending;CDIAL;;;;;auxiliary;
Account_Management;CDIAO;;;;;auxiliary;
Lending;CDIAO;;;;;auxiliary;
Financial_Markets;CDIAO;;;;;auxiliary;
Account_Management;CEXPS;;;;;Lending;
Financial_Markets;CEXPS;;;;;Lending;
auxiliary;CEXPS;;;;;Lending;
Account_Management;CEXRO;;;;;Financial_Markets;
Lending;CEXRO;;;;;Financial_Markets;
CORE;CEXRO;;;;;Financial_Markets;
auxiliary;CEXRO;;;;;Financial_Markets;
Financial_Markets;CEXSO;;;;;Lending;
CORE;CEXSO;;;;;Lending;
auxiliary;CEXSO;;;;;Lending;
Account_Management;CFACL;;;;;Lending;
Lending;CFACL;;;;;Lending;
Financial_Markets;CFACL;;;;;Lending;
CORE;CFACL;;;;;Lending;
CORE;CFACO;;;;;Lending;
Account_Management;CFACS;;;;;Lending;
Financial_Markets;CFACS;;;;;Lending;
Cash_Management;CFACS;;;;;Lending;
CORE;CFACS;;;;;Lending;
auxiliary;CFACS;;;;;Lending;
CORE;CFAIO;;;;;Lending;
CORE;CFATO;;;;;Lending;
auxiliary;CFATO;;;;;Lending;
CORE;CFCRO;;;;;Lending;
auxiliary;CFCRO;;;;;Lending;
Lending;CFDDL;;;;;Lending;
CORE;CFDDL;;;;;Lending;
CORE;CFDDO;;;;;Lending;
auxiliary;CFDDO;;;;;Lending;
Account_Management;CFFEO;;;;;Lending;
CORE;CFFEO;;;;;Lending;
auxiliary;CFFEO;;;;;Lending;
Account_Management;CFRSL;;;;;Lending;
Lending;CFRSL;;;;;Lending;
CORE;CFRSL;;;;;Lending;
Account_Management;CFRSO;;;;;Lending;
Financial_Markets;CFRSO;;;;;Lending;
CORE;CFRSO;;;;;Lending;
auxiliary;CFRSO;;;;;Lending;
CORE;CFUSO;;;;;Lending;
auxiliary;CFUSO;;;;;Lending;
CORE;CFXRO;;;;;Lending;
CORE;CGATO;;;;;Lending;
auxiliary;CGATO;;;;;Lending;
Lending;CGUAL;;;;;Lending;
Financial_Markets;CGUAL;;;;;Lending;
CORE;CGUAL;;;;;Lending;
Account_Management;CGUAS;;;;;Lending;
Financial_Markets;CGUAS;;;;;Lending;
CORE;CGUAS;;;;;Lending;
auxiliary;CGUAS;;;;;Lending;
Account_Management;CGUCL;;;;;Lending;
Lending;CGUCL;;;;;Lending;
Account_Management;CGUCO;;;;;Lending;
CORE;CGUCO;;;;;Lending;
auxiliary;CGUCO;;;;;Lending;
auxiliary;CGURL;;;;;Lending;
Account_Management;CGURO;;;;;Lending;
CORE;CGURO;;;;;Lending;
auxiliary;CGURO;;;;;Lending;
Account_Management;CHFCO;;;;;Lending;
CORE;CHFCO;;;;;Lending;
auxiliary;CHFCO;;;;;Lending;
Account_Management;CMHIO;;;;;auxiliary;
Lending;CMHIO;;;;;auxiliary;
CORE;CMHIO;;;;;auxiliary;
CORE;CMRGL;;;;;Lending;
Financial_Markets;CMRGO;;;;;Lending;
CORE;CMRGO;;;;;Lending;
auxiliary;CMRGO;;;;;Lending;
CORE;CMTBO;;;;;Lending;
auxiliary;CMTBO;;;;;Lending;
CORE;CMTCO;;;;;Financial_Markets;
auxiliary;CMTCO;;;;;Financial_Markets;
Account_Management;CMTCS;;;;;Financial_Markets;
CORE;CMTCS;;;;;Financial_Markets;
auxiliary;CMTCS;;;;;Financial_Markets;
Account_Management;CMTIO;;;;;auxiliary;
Lending;CMTIO;;;;;auxiliary;
CORE;CMTIO;;;;;auxiliary;
Lending;CMTLL;;;;;Lending;
CORE;CMTLL;;;;;Lending;
Account_Management;CMTLO;;;;;Lending;
Financial_Markets;CMTLO;;;;;Lending;
CORE;CMTLO;;;;;Lending;
auxiliary;CMTLO;;;;;Lending;
Account_Management;COMSO;;;;;Lending;
CORE;COMSO;;;;;Lending;
auxiliary;COMSO;;;;;Lending;
Account_Management;CPBCO;;;;;Financial_Markets;
Lending;CPBCO;;;;;Financial_Markets;Get Party Info
CORE;CPBCO;;;;;Financial_Markets;
auxiliary;CPBCO;;;;;Financial_Markets;
Financial_Markets;CPBGO;;;;;auxiliary;
CORE;CPBPO;;;;;Financial_Markets;
auxiliary;CPBPO;;;;;Financial_Markets;
Account_Management;CPTIL;;;;;Lending;
Financial_Markets;CPTIL;;;;;Lending;
CORE;CPTIL;;;;;Lending;
Account_Management;CPTIO;;;;;Lending;
Financial_Markets;CPTIO;;;;;Lending;
CORE;CPTIO;;;;;Lending;
auxiliary;CPTIO;;;;;Lending;
Account_Management;CREPL;;;;;Lending;
auxiliary;CREPL;;;;;Lending;
Account_Management;CREPO;;;;;Lending;
Financial_Markets;CREPO;;;;;Lending;
auxiliary;CREPO;;;;;Lending;
Financial_Markets;CREXO;;;;;Lending;
CORE;CREXO;;;;;Lending;
auxiliary;CREXO;;;;;Lending;
CORE;CRISO;;;;;Lending;
Financial_Markets;CROCO;;;;;Lending;
auxiliary;CROCO;;;;;Lending;
Account_Management;CRTRO;;;;;Lending;
Financial_Markets;CRTRO;;;;;Lending;
Cash_Management;CRTRO;;;;;Lending;
CORE;CRTRO;;;;;Lending;
auxiliary;CRTRO;;;;;Lending;
auxiliary;CRXMO;;;;;Financial_Markets;
Lending;CSCOL;;;;;Lending;
CORE;CSCOL;;;;;Lending;
Account_Management;CSCOO;;;;;Lending;
Financial_Markets;CSCOO;;;;;Lending;
CORE;CSCOO;;;;;Lending;
auxiliary;CSCOO;;;;;Lending;
Account_Management;CSECL;;;;;Lending;
CORE;CSECL;;;;;Lending;
Account_Management;CSECS;;;;;Lending;
Financial_Markets;CSECS;;;;;Lending;
Cash_Management;CSECS;;;;;Lending;
CORE;CSECS;;;;;Lending;
auxiliary;CSECS;;;;;Lending;
Lending;CSEIO;;;;;Lending;
CORE;CSEIO;;;;;Lending;
Account_Management;CSHAL;;;;;Financial_Markets;
Financial_Markets;CSHAL;;;;;Financial_Markets;
CORE;CSHAO;;;;;Financial_Markets;
auxiliary;CSHAO;;;;;Financial_Markets;
CORE;CSHCO;;;;;Financial_Markets;
auxiliary;CSHCO;;;;;Financial_Markets;
Account_Management;CSHDS;;;;;Financial_Markets;
CORE;CSHDS;;;;;Financial_Markets;
auxiliary;CSHDS;;;;;Financial_Markets;
Financial_Markets;CSHMO;;;;;auxiliary;
CORE;CSHOO;;;;;Financial_Markets;
auxiliary;CSHOO;;;;;Financial_Markets;
auxiliary;CSHRO;;;;;Financial_Markets;
Financial_Markets;CSHTL;;;;;auxiliary;
CORE;CSHTL;;;;;auxiliary;
Account_Management;CSHTO;;;;;Financial_Markets;
CORE;CSHTO;;;;;Financial_Markets;
auxiliary;CSHTO;;;;;Financial_Markets;
Account_Management;CSHVO;;;;;Financial_Markets;
Account_Management;CSIMS;;;;;Lending;
Financial_Markets;CSIMS;;;;;Lending;
CORE;CSIMS;;;;;Lending;
auxiliary;CSIMS;;;;;Lending;
Financial_Markets;CSLFO;;;;;Lending;
CORE;CSLFO;;;;;Lending;
auxiliary;CSLFO;;;;;Lending;
Financial_Markets;CSSHL;;;;;Financial_Markets;
CORE;CSSHO;;;;;Financial_Markets;
auxiliary;CSSHO;;;;;Financial_Markets;
Account_Management;DBATO;;;;;Cash_Management;
CORE;DBATO;;;;;Cash_Management;
auxiliary;DBATO;;;;;Cash_Management;
CORE;DBILO;;;;;Account_Management;
auxiliary;DBILO;;;;;Account_Management;
Account_Management;DCBDO;;;;;Cash_Management;
CORE;DCBDO;;;;;Cash_Management;
auxiliary;DCBDO;;;;;Cash_Management;
Account_Management;DCBMO;;;;;Cash_Management;
CORE;DCBMO;;;;;Cash_Management;
auxiliary;DCBMO;;;;;Cash_Management;
auxiliary;DCBRO;;;;;General_Ledger;
Account_Management;DCLHO;;;;;Cash_Management;
CORE;DCLHO;;;;;Cash_Management;
auxiliary;DCLHO;;;;;Cash_Management;
Account_Management;DCLTO;;;;;Cash_Management;
CORE;DCLTO;;;;;Cash_Management;
auxiliary;DCLTO;;;;;Cash_Management;
Account_Management;DCNDO;;;;;Cash_Management;
Financial_Markets;DCNDO;;;;;Cash_Management;
CORE;DCNDO;;;;;Cash_Management;
auxiliary;DCNDO;;;;;Cash_Management;
Account_Management;DCNIO;;;;;Cash_Management;
CORE;DCNIO;;;;;Cash_Management;
CORE;DCNTL;;;;;Cash_Management;
Account_Management;DCNTO;;;;;Cash_Management;
CORE;DCNTO;;;;;Cash_Management;
auxiliary;DCNTO;;;;;Cash_Management;
Account_Management;DCONO;;;;;Cash_Management;
Financial_Markets;DCONO;;;;;Cash_Management;
CORE;DCONO;;;;;Cash_Management;
auxiliary;DCONO;;;;;Cash_Management;
CORE;DCOVO;;;;;Cash_Management;
Account_Management;DCPOO;;;;;Cash_Management;
CORE;DCPOO;;;;;Cash_Management;
CORE;DCTIO;;;;;Account_Management;
Financial_Markets;DCTRO;;;;;Account_Management;
Cash_Management;DCTRO;;;;;Account_Management;
CORE;DCTRO;;;;;Account_Management;
auxiliary;DCTRO;;;;;Account_Management;
Account_Management;DDDCL;;;;;Cash_Management;
Account_Management;DDDCO;;;;;Cash_Management;
CORE;DDDCO;;;;;Cash_Management;
auxiliary;DDDCO;;;;;Cash_Management;
Account_Management;DDETO;;;;;Cash_Management;
CORE;DDETO;;;;;Cash_Management;
auxiliary;DDETO;;;;;Cash_Management;
CORE;DEBFO;;;;;Cash_Management;
auxiliary;DEBFO;;;;;Cash_Management;
CORE;DEFIN;;;;;auxiliary;
CORE;DFIDO;;;;;Cash_Management;
CORE;DFIMO;;;;;Cash_Management;
Account_Management;DFRTO;;;;;Cash_Management;
CORE;DFRTO;;;;;Cash_Management;
CORE;DFSCI;;;;;Cash_Management;
auxiliary;DFSCI;;;;;Cash_Management;
Cash_Management;DFSCL;;;;;Cash_Management;
CORE;DFSCL;;;;;Cash_Management;
CORE;DFSCO;;;;;Cash_Management;
auxiliary;DFSCO;;;;;Cash_Management;
Cash_Management;DFSIL;;;;;Cash_Management;
auxiliary;DFSIO;;;;;Cash_Management;
Account_Management;DGCAO;;;;;Cash_Management;
CORE;DGCAO;;;;;Cash_Management;
Account_Management;DIPTL;;;;;Cash_Management;
Cash_Management;DIPTL;;;;;Cash_Management;
CORE;DIPTL;;;;;Cash_Management;
Account_Management;DIPTO;;;;;Cash_Management;
Lending;DIPTO;;;;;Cash_Management;
Financial_Markets;DIPTO;;;;;Cash_Management;
CORE;DIPTO;;;;;Cash_Management;
auxiliary;DIPTO;;;;;Cash_Management;
Account_Management;DMSTO;;;;;Cash_Management;
CORE;DMSTO;;;;;Cash_Management;
auxiliary;DMSTO;;;;;Cash_Management;
Account_Management;DPBDO;;;;;Cash_Management;
Lending;DPBDO;;;;;Cash_Management;
Financial_Markets;DPBDO;;;;;Cash_Management;
CORE;DPBDO;;;;;Cash_Management;
auxiliary;DPBDO;;;;;Cash_Management;
CORE;DPFBK;;;;;Cash_Management;
auxiliary;DPFBK;;;;;Cash_Management;
Account_Management;DPTRL;;;;;Cash_Management;
Financial_Markets;DPTRL;;;;;Cash_Management;
CORE;DPTRL;;;;;Cash_Management;
auxiliary;DPTRL;;;;;Cash_Management;
Account_Management;DPTRO;;;;;Cash_Management;
Lending;DPTRO;;;;;Cash_Management;
Financial_Markets;DPTRO;;;;;Cash_Management;
CORE;DPTRO;;;;;Cash_Management;
auxiliary;DPTRO;;;;;Cash_Management;
Cash_Management;DRDIL;;;;;Cash_Management;
CORE;DRDIL;;;;;Cash_Management;
CORE;DRDIO;;;;;Cash_Management;
auxiliary;DRDIO;;;;;Cash_Management;
CORE;DRPTO;;;;;Cash_Management;
auxiliary;DRPTO;;;;;Cash_Management;
Financial_Markets;DRSDO;;;;;Cash_Management;
CORE;DRSDO;;;;;Cash_Management;
auxiliary;DRSDO;;;;;Cash_Management;
Financial_Markets;DRSMO;;;;;Cash_Management;
CORE;DRSMO;;;;;Cash_Management;
auxiliary;DRSMO;;;;;Cash_Management;
Account_Management;DSLVO;;;;;Cash_Management;
CORE;DSLVO;;;;;Cash_Management;
auxiliary;DSLVO;;;;;Cash_Management;
Account_Management;DSTAO;;;;;Cash_Management;
CORE;DSTAO;;;;;Cash_Management;
auxiliary;DSTAO;;;;;Cash_Management;
CORE;DSTIO;;;;;Cash_Management;
auxiliary;DSTIO;;;;;Cash_Management;
Cash_Management;DSTOL;;;;;Cash_Management;
CORE;DSTOL;;;;;Cash_Management;
Account_Management;DSTOO;;;;;Cash_Management;
CORE;DSTOO;;;;;Cash_Management;
auxiliary;DSTOO;;;;;Cash_Management;
auxiliary;DSTSO;;;;;Cash_Management;
Account_Management;GBTDS;;;;;CORE;
auxiliary;GBTDS;;;;;CORE;
Account_Management;GBTPS;;;;;CORE;
auxiliary;GBTPS;;;;;CORE;
Account_Management;GBTRO;;;;;CORE;
auxiliary;GBTRO;;;;;CORE;
General_Ledger;GCNVO;;;;;CORE;
Account_Management;GCNVO;;;;;CORE;
Lending;GCNVO;;;;;CORE;
Financial_Markets;GCNVO;;;;;CORE;
Cash_Management;GCNVO;;;;;CORE;
auxiliary;GCNVO;;;;;CORE;
Financial_Markets;GMSGS;;;;;CORE;
auxiliary;GMSGS;;;;;CORE;
CORE;GPAIO;;;;;CORE;
CORE;GPARL;;;;;CORE;
Account_Management;GPARO;;;;;CORE;
Financial_Markets;GPARO;;;;;CORE;
Cash_Management;GPARO;;;;;CORE;
auxiliary;GPARO;;;;;CORE;
Financial_Markets;GPRTO;;;;;Account_Management;
CORE;GPRTO;;;;;Account_Management;
auxiliary;GPRTO;;;;;Account_Management;
Account_Management;GRTPO;;;;;CORE;
Cash_Management;GRTPO;;;;;CORE;
auxiliary;GRTPO;;;;;CORE;
Financial_Markets;GSADO;;;;;CORE;
Cash_Management;GSADO;;;;;CORE;
Financial_Markets;GSAMO;;;;;CORE;
Cash_Management;GSAMO;;;;;CORE;
auxiliary;GSAMO;;;;;CORE;
auxiliary;GSBRO;;;;;CORE;
auxiliary;GSBSO;;;;;CORE;
CORE;GSEML;;;;;CORE;
Account_Management;GSWMO;;;;;CORE;
Financial_Markets;GSWMO;;;;;CORE;
Cash_Management;GSWMO;;;;;CORE;
auxiliary;GSWMO;;;;;CORE;
auxiliary;GXMLO;;;;;CORE;
Account_Management;IACCO;;;;;Cash_Management;
CORE;IACCO;;;;;Cash_Management;
CORE;IAUTL;;;;;Cash_Management;
CORE;IAUTO;;;;;Cash_Management;
auxiliary;IAUTO;;;;;Cash_Management;
General_Ledger;IBATO;;;;;Account_Management;
Lending;IBATO;;;;;Account_Management;Get Instruction Set (internal or external)
Financial_Markets;IBATO;;;;;Account_Management;
Cash_Management;IBATO;;;;;Account_Management;
CORE;IBATO;;;;;Account_Management;
auxiliary;IBATO;;;;;Account_Management;
General_Ledger;IBBDO;;;;;auxiliary;
Financial_Markets;IBBDO;;;;;auxiliary;
Cash_Management;IBBDO;;;;;auxiliary;
CORE;IBBDO;;;;;auxiliary;
CORE;IBDDO;;;;;Financial_Markets;
auxiliary;IBDDO;;;;;Financial_Markets;
CORE;IBDHO;;;;;Financial_Markets;
auxiliary;IBDHO;;;;;Financial_Markets;
Account_Management;ICBRO;;;;;Financial_Markets;
auxiliary;ICBRO;;;;;Financial_Markets;
Financial_Markets;ICNDO;;;;;Cash_Management;
CORE;ICNDO;;;;;Cash_Management;
auxiliary;ICNDO;;;;;Cash_Management;
Account_Management;ICNFO;;;;;Cash_Management;
Financial_Markets;ICNFO;;;;;Cash_Management;
CORE;ICNFO;;;;;Cash_Management;
auxiliary;ICNFO;;;;;Cash_Management;
General_Ledger;ICNFS;;;;;Cash_Management;
Account_Management;ICNFS;;;;;Cash_Management;
Lending;ICNFS;;;;;Cash_Management;
Financial_Markets;ICNFS;;;;;Cash_Management;
CORE;ICNFS;;;;;Cash_Management;
auxiliary;ICNFS;;;;;Cash_Management;
Financial_Markets;ICOPL;;;;;Cash_Management;
Financial_Markets;ICOPO;;;;;Cash_Management;
CORE;ICOPO;;;;;Cash_Management;
auxiliary;ICOPO;;;;;Cash_Management;
Account_Management;ICVBS;;;;;Financial_Markets;
CORE;ICVBS;;;;;Financial_Markets;
auxiliary;ICVBS;;;;;Financial_Markets;
auxiliary;IDPLO;;;;;General_Ledger;
CORE;IERBS;;;;;Financial_Markets;
auxiliary;IERBS;;;;;Financial_Markets;
Financial_Markets;IERMO;;;;;auxiliary;
CORE;IERMO;;;;;auxiliary;
CORE;IFASO;;;;;Financial_Markets;
auxiliary;IFASO;;;;;Financial_Markets;
CORE;IFCPO;;;;;Financial_Markets;
auxiliary;IFCPO;;;;;Financial_Markets;
Financial_Markets;IFCSL;;;;;Cash_Management;
Account_Management;IFCSO;;;;;Cash_Management;
Financial_Markets;IFCSO;;;;;Cash_Management;
auxiliary;IFCSO;;;;;Cash_Management;
CORE;IFFCL;;;;;auxiliary;
CORE;IFFCO;;;;;Financial_Markets;
auxiliary;IFFCO;;;;;Financial_Markets;
Financial_Markets;IFFDL;;;;;Financial_Markets;
CORE;IFFDO;;;;;Financial_Markets;
auxiliary;IFFDO;;;;;Financial_Markets;
CORE;IFFOO;;;;;Financial_Markets;
auxiliary;IFFOO;;;;;Financial_Markets;
CORE;IFFTO;;;;;Financial_Markets;
CORE;IFFVO;;;;;Financial_Markets;
CORE;IFPSO;;;;;Financial_Markets;
auxiliary;IFPSO;;;;;Financial_Markets;
Financial_Markets;IFRAL;;;;;Financial_Markets;
Account_Management;IFRAO;;;;;Financial_Markets;
Lending;IFRAO;;;;;Financial_Markets;
CORE;IFRAO;;;;;Financial_Markets;
auxiliary;IFRAO;;;;;Financial_Markets;
auxiliary;IFRCL;;;;;Financial_Markets;
auxiliary;IFRCO;;;;;Financial_Markets;
auxiliary;IFRPL;;;;;Financial_Markets;
CORE;IFRPO;;;;;Financial_Markets;
auxiliary;IFRPO;;;;;Financial_Markets;
CORE;IFTCO;;;;;Financial_Markets;
auxiliary;IFTCO;;;;;Financial_Markets;
CORE;IFTSO;;;;;Financial_Markets;
Account_Management;IFUPS;;;;;Cash_Management;
CORE;IFUPS;;;;;Cash_Management;
auxiliary;IFUPS;;;;;Cash_Management;
CORE;IFXAO;;;;;Financial_Markets;
auxiliary;IFXAO;;;;;Financial_Markets;
CORE;IFXCL;;;;;Financial_Markets;
auxiliary;IFXCL;;;;;Financial_Markets;
Account_Management;IFXCO;;;;;Financial_Markets;
Lending;IFXCO;;;;;Financial_Markets;Get Agreement info (foreign currency)
CORE;IFXCO;;;;;Financial_Markets;
auxiliary;IFXCO;;;;;Financial_Markets;
Financial_Markets;IFXPL;;;;;Financial_Markets;
Account_Management;IFXPO;;;;;Financial_Markets;
CORE;IFXPO;;;;;Financial_Markets;
auxiliary;IFXPO;;;;;Financial_Markets;
Account_Management;IGIRO;;;;;Financial_Markets;
Lending;IGIRO;;;;;Financial_Markets;
CORE;IGIRO;;;;;Financial_Markets;
auxiliary;IGIRO;;;;;Financial_Markets;
Account_Management;IGLDO;;;;;Financial_Markets;
Lending;IGLDO;;;;;Financial_Markets;"Get Lending Contract Info (move to ""Lending"" ???)"
CORE;IGLDO;;;;;Financial_Markets;
auxiliary;IGLDO;;;;;Financial_Markets;
Account_Management;IHMCL;;;;;auxiliary;
Account_Management;IHMCS;;;;;auxiliary;
Financial_Markets;IHMCS;;;;;auxiliary;
CORE;IHMCS;;;;;auxiliary;
Account_Management;IICSO;;;;;Financial_Markets;
auxiliary;IICSO;;;;;Financial_Markets;
CORE;IIFFO;;;;;Financial_Markets;
auxiliary;IIFFO;;;;;Financial_Markets;
General_Ledger;IIFRO;;;;;Financial_Markets;
CORE;IIFRO;;;;;Financial_Markets;
auxiliary;IIFRO;;;;;Financial_Markets;
CORE;IIFXO;;;;;Financial_Markets;
auxiliary;IIFXO;;;;;Financial_Markets;
Financial_Markets;IILDO;;;;;auxiliary;
CORE;IILDO;;;;;auxiliary;
CORE;IINIO;;;;;auxiliary;
CORE;IINTL;;;;;Account_Management;
General_Ledger;IINTO;;;;;Account_Management;
Lending;IINTO;;;;;Account_Management;Get Product info ( Interest Rates)
Financial_Markets;IINTO;;;;;Account_Management;
CORE;IINTO;;;;;Account_Management;
auxiliary;IINTO;;;;;Account_Management;
General_Ledger;IIOPO;;;;;Financial_Markets;
CORE;IIOPO;;;;;Financial_Markets;
auxiliary;IIOPO;;;;;Financial_Markets;
General_Ledger;IIPIO;;;;;Financial_Markets;
Account_Management;IIPIO;;;;;Financial_Markets;
Lending;IIPIO;;;;;Financial_Markets;
Cash_Management;IIPIO;;;;;Financial_Markets;
CORE;IIPIO;;;;;Financial_Markets;
auxiliary;IIPIO;;;;;Financial_Markets;
Account_Management;IIRSO;;;;;Financial_Markets;
CORE;IIRSO;;;;;Financial_Markets;
auxiliary;IIRSO;;;;;Financial_Markets;
CORE;ILDAO;;;;;Financial_Markets;
Financial_Markets;ILDCL;;;;;Cash_Management;
auxiliary;ILDCL;;;;;Cash_Management;
Account_Management;ILDCO;;;;;Cash_Management;
Financial_Markets;ILDCO;;;;;Cash_Management;
CORE;ILDCO;;;;;Cash_Management;
auxiliary;ILDCO;;;;;Cash_Management;
Financial_Markets;ILDPL;;;;;Financial_Markets;
Account_Management;ILDPO;;;;;Financial_Markets;
CORE;ILDPO;;;;;Financial_Markets;
auxiliary;ILDPO;;;;;Financial_Markets;
Lending;ILDTL;;;;;auxiliary;
Financial_Markets;ILDTL;;;;;auxiliary;
CORE;ILDTL;;;;;auxiliary;
Account_Management;ILNGL;;;;;Financial_Markets;
Account_Management;ILNGS;;;;;Financial_Markets;
CORE;ILNGS;;;;;Financial_Markets;
auxiliary;ILNGS;;;;;Financial_Markets;
Account_Management;ILPAO;;;;;Financial_Markets;
CORE;ILPAO;;;;;Financial_Markets;
auxiliary;ILPAO;;;;;Financial_Markets;
Account_Management;IMAGO;;;;;Financial_Markets;
auxiliary;IMAGO;;;;;Financial_Markets;
CORE;INETL;;;;;Financial_Markets;
CORE;INETO;;;;;Financial_Markets;
auxiliary;INETO;;;;;Financial_Markets;
CORE;INOSL;;;;;Financial_Markets;
Account_Management;INOSO;;;;;Financial_Markets;
Cash_Management;INOSO;;;;;Financial_Markets;
CORE;INOSO;;;;;Financial_Markets;
auxiliary;INOSO;;;;;Financial_Markets;
Account_Management;INVMO;;;;;Financial_Markets;
Cash_Management;INVMO;;;;;Financial_Markets;
CORE;INVMO;;;;;Financial_Markets;
auxiliary;INVMO;;;;;Financial_Markets;
auxiliary;IOASO;;;;;Financial_Markets;
Account_Management;IODUL;;;;;Financial_Markets;
Account_Management;IODUS;;;;;Financial_Markets;
Cash_Management;IODUS;;;;;Financial_Markets;
CORE;IODUS;;;;;Financial_Markets;
auxiliary;IODUS;;;;;Financial_Markets;
Financial_Markets;IOPCL;;;;;Financial_Markets;
Account_Management;IOPCO;;;;;Financial_Markets;
auxiliary;IOPCO;;;;;Financial_Markets;
Financial_Markets;IOPPL;;;;;Financial_Markets;
CORE;IOPPO;;;;;Financial_Markets;
auxiliary;IOPPO;;;;;Financial_Markets;
Financial_Markets;IOPTL;;;;;Financial_Markets;
CORE;IOPTL;;;;;Financial_Markets;
Account_Management;IOPTS;;;;;Financial_Markets;
Lending;IOPTS;;;;;Financial_Markets;
CORE;IOPTS;;;;;Financial_Markets;
auxiliary;IOPTS;;;;;Financial_Markets;
Cash_Management;IPIBO;;;;;Financial_Markets;
CORE;IPIBO;;;;;Financial_Markets;
auxiliary;IPIBO;;;;;Financial_Markets;
CORE;IPIIO;;;;;Financial_Markets;
auxiliary;IPIIO;;;;;Financial_Markets;
CORE;IPMTL;;;;;Financial_Markets;
Account_Management;IPMTO;;;;;Financial_Markets;
CORE;IPMTO;;;;;Financial_Markets;
auxiliary;IPMTO;;;;;Financial_Markets;
Financial_Markets;IPTIL;;;;;Financial_Markets;
Account_Management;IPTIO;;;;;Financial_Markets;
Lending;IPTIO;;;;;Financial_Markets;IIPTIO naar Instruction Management (Account Management)
Cash_Management;IPTIO;;;;;Financial_Markets;
CORE;IPTIO;;;;;Financial_Markets;
auxiliary;IPTIO;;;;;Financial_Markets;
CORE;IPWDL;;;;;Financial_Markets;
CORE;IPWDO;;;;;Financial_Markets;
auxiliary;IPWDO;;;;;Financial_Markets;
CORE;IRCVO;;;;;Financial_Markets;
auxiliary;IRCVO;;;;;Financial_Markets;
CORE;IRFRL;;;;;Financial_Markets;
CORE;IRFRO;;;;;Financial_Markets;
auxiliary;IRFRO;;;;;Financial_Markets;
CORE;IRSAO;;;;;Financial_Markets;
Financial_Markets;IRSCL;;;;;Financial_Markets;
auxiliary;IRSCO;;;;;Financial_Markets;
auxiliary;IRSPL;;;;;Financial_Markets;
CORE;IRSPO;;;;;Financial_Markets;
auxiliary;IRSPO;;;;;Financial_Markets;
Financial_Markets;IRSWL;;;;;Financial_Markets;
Account_Management;ISAVO;;;;;auxiliary;
Financial_Markets;ISAVO;;;;;auxiliary;
CORE;ISAVO;;;;;auxiliary;
CORE;ISIFO;;;;;Financial_Markets;
auxiliary;ISIFO;;;;;Financial_Markets;
Lending;ISIML;;;;;Lending;
Financial_Markets;ISIML;;;;;Lending;
CORE;ISIML;;;;;Lending;
Account_Management;ISIMO;;;;;Lending;
Financial_Markets;ISIMO;;;;;Lending;
CORE;ISIMO;;;;;Lending;
auxiliary;ISIMO;;;;;Lending;
Account_Management;ISPIL;;;;;Financial_Markets;
Financial_Markets;ISPIL;;;;;Financial_Markets;
CORE;ISPIL;;;;;Financial_Markets;
Account_Management;ISPIO;;;;;Financial_Markets;
Cash_Management;ISPIO;;;;;Financial_Markets;
CORE;ISPIO;;;;;Financial_Markets;
auxiliary;ISPIO;;;;;Financial_Markets;
Account_Management;ISTLO;;;;;Cash_Management;
CORE;ISTLO;;;;;Cash_Management;
auxiliary;ISTLO;;;;;Cash_Management;
Account_Management;ISTMO;;;;;Cash_Management;
CORE;ISTMO;;;;;Cash_Management;
auxiliary;ISTMO;;;;;Cash_Management;
Financial_Markets;ISWCO;;;;;CORE;
CORE;ITCFO;;;;;Cash_Management;
CORE;ITECO;;;;;Financial_Markets;
auxiliary;ITECO;;;;;Financial_Markets;
Account_Management;ITIRO;;;;;Financial_Markets;
Lending;ITIRO;;;;;Financial_Markets;
CORE;ITIRO;;;;;Financial_Markets;
auxiliary;ITIRO;;;;;Financial_Markets;
auxiliary;ITITO;;;;;Lending;
Account_Management;ITLDO;;;;;Lending;
Financial_Markets;ITLDO;;;;;Lending;
CORE;ITLDO;;;;;Lending;
auxiliary;ITLDO;;;;;Lending;
Account_Management;ITOLL;;;;;Cash_Management;
Account_Management;ITOLO;;;;;Cash_Management;
Financial_Markets;ITOLO;;;;;Cash_Management;
CORE;ITOLO;;;;;Cash_Management;
auxiliary;ITOLO;;;;;Cash_Management;
Account_Management;ITXTO;;;;;auxiliary;
Financial_Markets;ITXTO;;;;;auxiliary;
CORE;ITXTO;;;;;auxiliary;
CORE;IWARL;;;;;Financial_Markets;
Account_Management;IWARO;;;;;Financial_Markets;
CORE;IWARO;;;;;Financial_Markets;
auxiliary;IWARO;;;;;Financial_Markets;
CORE;IWODL;;;;;Financial_Markets;
auxiliary;IWODL;;;;;Financial_Markets;
CORE;IWODO;;;;;Financial_Markets;
auxiliary;IWODO;;;;;Financial_Markets;
CORE;LBGRL;;;;;CORE;
General_Ledger;LBGRS;;;;;CORE;
Account_Management;LBGRS;;;;;CORE;
Lending;LBGRS;;;;;CORE;
Financial_Markets;LBGRS;;;;;CORE;
auxiliary;LBGRS;;;;;CORE;
Account_Management;LBIRO;;;;;Cash_Management;
CORE;LBIRO;;;;;Cash_Management;
auxiliary;LBIRO;;;;;Cash_Management;
Account_Management;LBRAL;;;;;CORE;
General_Ledger;LBRAS;;;;;CORE;
Account_Management;LBRAS;;;;;CORE;
Lending;LBRAS;;;;;CORE;
Financial_Markets;LBRAS;;;;;CORE;
Cash_Management;LBRAS;;;;;CORE;
auxiliary;LBRAS;;;;;CORE;
CORE;LBRCL;;;;;Financial_Markets;
Account_Management;LBRCS;;;;;Financial_Markets;
CORE;LBRCS;;;;;Financial_Markets;
auxiliary;LBRCS;;;;;Financial_Markets;
Account_Management;LBROL;;;;;Account_Management;
General_Ledger;LBROS;;;;;Account_Management;
Financial_Markets;LBROS;;;;;Account_Management;
CORE;LBROS;;;;;Account_Management;
auxiliary;LBROS;;;;;Account_Management;
Financial_Markets;LBSKS;;;;;auxiliary;
CORE;LBSKS;;;;;auxiliary;
Account_Management;LCBNL;;;;;Account_Management;
Financial_Markets;LCBNL;;;;;Account_Management;
CORE;LCBNL;;;;;Account_Management;
General_Ledger;LCBNS;;;;;Account_Management;
Lending;LCBNS;;;;;Account_Management;Get Party Info 
Financial_Markets;LCBNS;;;;;Account_Management;
Cash_Management;LCBNS;;;;;Account_Management;[T] Get Party Info
CORE;LCBNS;;;;;Account_Management;
auxiliary;LCBNS;;;;;Account_Management;
CORE;LCCCL;;;;;CORE;
Account_Management;LCCCS;;;;;CORE;
Financial_Markets;LCCCS;;;;;CORE;
Cash_Management;LCCCS;;;;;CORE;
auxiliary;LCCCS;;;;;CORE;
General_Ledger;LCCYS;;;;;CORE;
Account_Management;LCCYS;;;;;CORE;
Lending;LCCYS;;;;;CORE;
Financial_Markets;LCCYS;;;;;CORE;
Cash_Management;LCCYS;;;;;CORE;
auxiliary;LCCYS;;;;;CORE;
CORE;LCGRL;;;;;CORE;
Account_Management;LCGRS;;;;;CORE;
CORE;LCIYL;;;;;CORE;
General_Ledger;LCIYS;;;;;CORE;
Account_Management;LCIYS;;;;;CORE;
Lending;LCIYS;;;;;CORE;
Financial_Markets;LCIYS;;;;;CORE;
Cash_Management;LCIYS;;;;;CORE;
auxiliary;LCIYS;;;;;CORE;
CORE;LCLIL;;;;;CORE;
auxiliary;LCLIS;;;;;CORE;
Financial_Markets;LCORO;;;;;Account_Management;
Cash_Management;LCORO;;;;;Account_Management;
CORE;LCORO;;;;;Account_Management;
auxiliary;LCORO;;;;;Account_Management;
Financial_Markets;LCPSS;;;;;Account_Management;
auxiliary;LCPSS;;;;;Account_Management;
Account_Management;LCRYS;;;;;CORE;
Lending;LCRYS;;;;;CORE;
Financial_Markets;LCRYS;;;;;CORE;
Cash_Management;LCRYS;;;;;CORE;
auxiliary;LCRYS;;;;;CORE;
CORE;LCSTL;;;;;CORE;
Account_Management;LCSTS;;;;;CORE;
auxiliary;LCSTS;;;;;CORE;
CORE;LCTIO;;;;;Account_Management;
auxiliary;LCTIO;;;;;Account_Management;
Account_Management;LCTPL;;;;;Account_Management;
Financial_Markets;LCTPL;;;;;Account_Management;
CORE;LCTPL;;;;;Account_Management;
Lending;LCTPS;;;;;Account_Management;Get Party Info 
Financial_Markets;LCTPS;;;;;Account_Management;
Cash_Management;LCTPS;;;;;Account_Management;
CORE;LCTPS;;;;;Account_Management;
auxiliary;LCTPS;;;;;Account_Management;
Account_Management;LCTSL;;;;;Account_Management;
Financial_Markets;LCTSL;;;;;Account_Management;
Lending;LCTSO;;;;;Account_Management;Get Party Info 
Financial_Markets;LCTSO;;;;;Account_Management;
CORE;LCTSO;;;;;Account_Management;
auxiliary;LCTSO;;;;;Account_Management;
CORE;LEBAO;;;;;Account_Management;
Account_Management;LELCL;;;;;Account_Management;
Lending;LELCS;;;;;Account_Management;Get Party Info Info (electronic address)
Financial_Markets;LELCS;;;;;Account_Management;
Cash_Management;LELCS;;;;;Account_Management;[T] Get Party Info
CORE;LELCS;;;;;Account_Management;
auxiliary;LELCS;;;;;Account_Management;
CORE;LELIO;;;;;Account_Management;
auxiliary;LELIO;;;;;Account_Management;
Account_Management;LGRDO;;;;;CORE;
Lending;LGRDO;;;;;CORE;
auxiliary;LGRDO;;;;;CORE;
Account_Management;LGXFO;;;;;CORE;
auxiliary;LGXFO;;;;;CORE;
CORE;LHOLL;;;;;CORE;
Account_Management;LHOLO;;;;;CORE;
Financial_Markets;LHOLO;;;;;CORE;
auxiliary;LHOLO;;;;;CORE;
CORE;LPHIO;;;;;Account_Management;
auxiliary;LPHIO;;;;;Account_Management;
Account_Management;LPHYL;;;;;Account_Management;
General_Ledger;LPHYS;;;;;Account_Management;
Lending;LPHYS;;;;;Account_Management;Get Party Info 
Financial_Markets;LPHYS;;;;;Account_Management;
Cash_Management;LPHYS;;;;;Account_Management;[T] Get Party Info
CORE;LPHYS;;;;;Account_Management;
auxiliary;LPHYS;;;;;Account_Management;
CORE;LPMML;;;;;auxiliary;
CORE;LPRCL;;;;;CORE;
General_Ledger;LPRCO;;;;;CORE;
Account_Management;LPRCO;;;;;CORE;
Financial_Markets;LPRCO;;;;;CORE;
auxiliary;LPRCO;;;;;CORE;
CORE;LPRDL;;;;;CORE;
General_Ledger;LPRDS;;;;;CORE;
Account_Management;LPRDS;;;;;CORE;
Lending;LPRDS;;;;;CORE;
Financial_Markets;LPRDS;;;;;CORE;
Cash_Management;LPRDS;;;;;CORE;
auxiliary;LPRDS;;;;;CORE;
Account_Management;LPRFS;;;;;General_Ledger;
Financial_Markets;LPRFS;;;;;General_Ledger;
CORE;LPRFS;;;;;General_Ledger;
auxiliary;LPRFS;;;;;General_Ledger;
Account_Management;LPSIO;;;;;auxiliary;
CORE;LPSIO;;;;;auxiliary;
Account_Management;LPSNL;;;;;Account_Management;
General_Ledger;LPSNS;;;;;Account_Management;
Lending;LPSNS;;;;;Account_Management;Get Party Info 
Financial_Markets;LPSNS;;;;;Account_Management;
Cash_Management;LPSNS;;;;;Account_Management;[T] Get Party Info
CORE;LPSNS;;;;;Account_Management;
auxiliary;LPSNS;;;;;Account_Management;
Account_Management;LRCES;;;;;General_Ledger;
Lending;LRCES;;;;;General_Ledger;Get Ledger Account Info
Financial_Markets;LRCES;;;;;General_Ledger;
Cash_Management;LRCES;;;;;General_Ledger;
CORE;LRCES;;;;;General_Ledger;
auxiliary;LRCES;;;;;General_Ledger;
General_Ledger;LRCLL;;;;;CORE;
General_Ledger;LRESS;;;;;CORE;
Account_Management;LRESS;;;;;CORE;
auxiliary;LRESS;;;;;CORE;
General_Ledger;LSUPL;;;;;General_Ledger;
Account_Management;LSUPS;;;;;General_Ledger;
CORE;LSUPS;;;;;General_Ledger;
auxiliary;LSUPS;;;;;General_Ledger;
Account_Management;LTARO;;;;;Cash_Management;
CORE;LTARO;;;;;Cash_Management;
auxiliary;LTARO;;;;;Cash_Management;
CORE;MNDEF;;;;;auxiliary;
CORE;NWSMN;;;;;auxiliary;
Account_Management;PRNTR;;;;;auxiliary;
CORE;PRNTR;;;;;auxiliary;
CORE;PRSIO;;;;;auxiliary;
General_Ledger;PRSNL;;;;;CORE;
Account_Management;PRSNL;;;;;CORE;
Lending;PRSNL;;;;;CORE;
Financial_Markets;PRSNL;;;;;CORE;
Cash_Management;PRSNL;;;;;CORE;
auxiliary;PRSNL;;;;;CORE;
Account_Management;RCHDS;;;;;Cash_Management;
Financial_Markets;RCHDS;;;;;Cash_Management;
CORE;RCHDS;;;;;Cash_Management;
auxiliary;RCHDS;;;;;Cash_Management;
Account_Management;RCHQS;;;;;Cash_Management;
Financial_Markets;RCHQS;;;;;Cash_Management;
CORE;RCHQS;;;;;Cash_Management;
auxiliary;RCHQS;;;;;Cash_Management;
Account_Management;RCHRO;;;;;Cash_Management;
CORE;RCHRO;;;;;Cash_Management;
auxiliary;RCHRO;;;;;Cash_Management;
General_Ledger;REFFL;;;;;CORE;
Account_Management;REFFL;;;;;CORE;
Lending;REFFL;;;;;CORE;
Financial_Markets;REFFL;;;;;CORE;
Cash_Management;REFFL;;;;;CORE;
auxiliary;REFFL;;;;;CORE;
General_Ledger;RPDEF;;;;;auxiliary;
Account_Management;RPDEF;;;;;auxiliary;
Lending;RPDEF;;;;;auxiliary;
Financial_Markets;RPDEF;;;;;auxiliary;
Cash_Management;RPDEF;;;;;auxiliary;
CORE;RPDEF;;;;;auxiliary;
General_Ledger;RPSCH;;;;;auxiliary;
Account_Management;RPSCH;;;;;auxiliary;
Lending;RPSCH;;;;;auxiliary;
Financial_Markets;RPSCH;;;;;auxiliary;
Cash_Management;RPSCH;;;;;auxiliary;
CORE;RPSCH;;;;;auxiliary;
General_Ledger;RSTRT;;;;;auxiliary;
Account_Management;RSTRT;;;;;auxiliary;
Lending;RSTRT;;;;;auxiliary;
Financial_Markets;RSTRT;;;;;auxiliary;
Cash_Management;RSTRT;;;;;auxiliary;
CORE;RSTRT;;;;;auxiliary;
CORE;SECIO;;;;;auxiliary;
CORE;SECUR;;;;;auxiliary;
CORE;XFXAS;;;;;General_Ledger;
auxiliary;XFXAS;;;;;General_Ledger;
CORE;XFXCO;;;;;General_Ledger;
auxiliary;XFXCO;;;;;General_Ledger;
auxiliary;XFXTO;;;;;General_Ledger;
Account_Management;XGBAO;;;;;General_Ledger;
CORE;XGBAO;;;;;General_Ledger;
CORE;XGBUL;;;;;General_Ledger;
CORE;XGBUO;;;;;General_Ledger;
auxiliary;XGBUO;;;;;General_Ledger;
General_Ledger;XGDCL;;;;;General_Ledger;
Lending;XGDCS;;;;;General_Ledger;Store Invoice Document
Financial_Markets;XGDCS;;;;;General_Ledger;Store Invoice Document
CORE;XGDCS;;;;;General_Ledger;
auxiliary;XGDCS;;;;;General_Ledger;
General_Ledger;XGMVL;;;;;General_Ledger;
CORE;XGMVO;;;;;General_Ledger;
auxiliary;XGMVO;;;;;General_Ledger;
General_Ledger;XGPAL;;;;;General_Ledger;
CORE;XGPAL;;;;;General_Ledger;
CORE;XGPAO;;;;;General_Ledger;
auxiliary;XGPAO;;;;;General_Ledger;
CORE;XGPML;;;;;General_Ledger;
CORE;XGPMO;;;;;General_Ledger;
auxiliary;XGPMO;;;;;General_Ledger;
CORE;XHVBO;;;;;General_Ledger;
auxiliary;XHVBO;;;;;General_Ledger;
